item_type,title,creators,first_name,last_name,collection,ean_isbn13,upc_isbn10,description,publisher,publish_date,group,tags,notes,price,length,number_of_discs,number_of_players,age_group,ensemble,aspect_ratio,esrb,rating,review,review_date,status,began,completed,added,copies
book,"Fala, menina!","Cintia Barreto, Luciana Grether",Cintia,Barreto,"Biblioteca do Ponto de Cultura UBEMTEM",9788595000803,8595000808,"Um livro para pequenas feministas e seus aliados: assim é ""Fala, menina!""O livro, voltado para o público pré-adolescente, é não apenas necessário, mas urgente nos dias atuais. Na narrativa, a protagonista toma a voz para si, apossa-se de seus pensamentos, de suas palavras, da sua liberdade e do seu direito de expressão. Sua voz sai retumbante da garganta, o ar espalha-se no espaço e daí ecoam as palavras, os desejos, as angústias, as ânsias do ser mulher. Em ""Fala, menina!"", portanto, a protagonista toma a palavra e dela faz uso. Antes disso, porém, descobre que a sociedade ainda hoje insiste em abafar sua voz em função de sua condição de gênero. Vai daí a necessidade de impor seus posicionamentos e pensamentos. É importante ressaltar que Fala, menina! constitui material literário da mais alta qualidade, construído pela talentosa escritora Cintia Barreto, a partir de ricos recursos metafóricos, intertextuais e com coloridas e vibrantes ilustrações da também talentosa, e premiada, ilustradora Luciana Grether. O livro diverte e encanta, visto que é arte no seu sentido lato. ""Fala, menina!"" fala para muitas pessoas: responsáveis, docentes, mediadores e mediadoras de leitura, bibliotecários e bibliotecárias. Fala para as meninas (claro!), mas também para os meninos – que podem e devem ser aliados na construção de uma sociedade mais equânime e justa.",Oficinar,2023-04-10,,,,,40,,,,,,,,,,,,,2026-06-25,1
book,"VOLTA, MURIQUI","VARIOS AUTORES",VARIOS,AUTORES,"Biblioteca do Ponto de Cultura UBEMTEM",9786500357509,6500357507,"Ecológica se afasta de onde nasceu,em busca de um novo bando. Isso faz parte da natureza de todo muriqui. Sem encontrar outra mata protegida, nem outro grupo, ela fica isolada. 
Será que sobrevive sozinha? 
Ao acompanhar a história dessa grande e pacifica primata, você vai entender a situação-e a salvação-de animais em risco de extinção. Vai entender por que onde há muriqui, pode ter bugio, cutia, anta, veado, jabuti, e a onça pintada. E por que nossa Ecológica é uma espécie bandeira e guarda-chuva!",SUR,2024-01-01,,,,,64,,,,,,,,,,,,,2026-06-25,1
book,"O rapto do galo","Fabiana Karla, Rosinha Campos",Fabiana,Karla,"Biblioteca do Ponto de Cultura UBEMTEM",9788562500633,8562500631,"Às vésperas do Carnaval, o Galo da Madrugada desaparece. O rapto do símbolo do bloco pernambucano, que arrasta mais de dois milhões de pessoas todos os anos pelas ruas do Recife, é o ponto de partida para a preciosa homenagem de Fabiana Karla ao folclore de sua terra natal. Em sua estreia na literatura, a atriz e comediante compõe um cordel contemporâneo enriquecido com as xilogravuras e os retalhos de chita de Rosinha, premiada ilustradora, também pernambucana, vencedora do Prêmio Jabuti. Após o sumiço do Galo na Ponte Duarte Coelho, o Momo se recusa a abrir o Carnaval. Mesmo com as ruas enfeitadas, o povo fantasiado e o frevo tocando, a festa é suspensa. Todos se juntam para procurá-lo. O cortejo do Maracatu vai a Olinda falar com o Homem da Meia-Noite e a Mulher do Dia, e passa por Caruaru para colher mais informações com os bonecos de barro do mestre Vitalino. Com medo do Papa-Figo, os Caboclos de Lança pensam em desistir. Até que o Cirandeiro tem um plano infalível. Com a mesma leveza e o humor que caracterizam seu trabalho como atriz, Fabiana Karla recupera a tradição oral nordestina e transporta os pequenos leitores para um delicioso desfile de personagens e cores. Ao som do coco, da ciranda e do frevo Vassourinhas, O rapto do Galo apresenta as histórias que Fabiana ouviu da avó, Zulmira, e a riqueza do folclore pernambucano, dissecado em um glossário sobre ritmos, artistas e costumes populares.","Rocco Pequenos Leitores",2014-02-15,,,,,32,,,,,,,,,,,,,2026-06-25,1
book,"Dandara & Katua","Luciana Nunes",Luciana,Nunes,"Biblioteca do Ponto de Cultura UBEMTEM",9786525098319,6525098319,"Dandara & Katua são duas princesas com sonhos diferentes, mas com um mesmo coração curioso. Entre doces, aventuras e descobertas, aprendem que cada um pode ser o que quiser ― basta acreditar em si mesmo!",Ârterinha,2026-04-12,,,,,40,,,,,,,,,,,,,2026-06-25,1
book,"Águia e a Coruja e Outras Fábulas de la Fontaine","Jean de la Fontaine",Jean,Fontaine,"Biblioteca do Ponto de Cultura UBEMTEM",9788537719138,8537719137,"""Culpe a si mesma. Melhor dizendo, culpe a lei natural que faz com que vejamos nossos filhos como os mais belos, inteligentes, encantadores. Foi esse o retrato que fez dos seus filhos para a Águia... Como ela havia de reconhecê-los?""","Escala Educacional",2013-01-01,,,,,40,,,,,,,,,,,,,2026-06-25,1
book,"O bordado da minha avó","Clarice Campos, Ana Cardia",Clarice,Campos,"Biblioteca do Ponto de Cultura UBEMTEM",9786585972185,658597218X,"Em O Bordado da Minha Avó , Clarice Campos transforma linhas, pontos e tecidos em memória, afeto e ancestralidade. Enquanto borda, a avó da narradora também costura histórias, ensinamentos e lembranças que atravessam gerações.Entre fios coloridos, palavras delicadas e imagens poéticas, a obra aborda pertencimento, identidade negra, liberdade e herança cultural de forma sensível e acolhedora.Cada página revela como o ato de bordar pode unir passado, presente e futuro, transformando memórias em resistência e amor.Com texto lírico e ilustrações inspiradas no universo artesanal, este livro convida crianças e adultos a refletirem sobre suas origens, os laços familiares e as histórias que ajudam a construir quem somos.Indicação pedagógica: Educação Infantil e Anos Iniciais do Ensino Fundamental ― recomendado para leitores a partir de 4 anos.",Troinha,2026-06-18,,,,,32,,,,,,,,,,,,,2026-06-25,1
book,"O coração e a garrafa","Oliver Jeffers",Oliver,Jeffers,"Biblioteca do Ponto de Cultura UBEMTEM",9788516075767,8516075761,"Era uma vez uma menina cheia de admiração pelo mundo a sua volta. Até que um dia aconteceu algo que a fez guardar seu coração em um lugar seguro, de onde não poderia tirá-lo... Leia mais",Salamandra,,,,,,,,,,,,,,,,,,,2026-06-25,1
book,"100 Números Para Sonhar Um Mundo Diferente","Elen Riot",Elen,Riot,"Biblioteca do Ponto de Cultura UBEMTEM",9788560820795,8560820795,"Em meio a um turbilhão de informações, números, acontecimentos, não é fácil se situar e entender o mundo, principalmente quando se é adolescente. Este livro traz 100 números-chave, escolhidos para fazer pensar, refletir e alimentar discussões a respeito de situações que nos cercam, como os grandes desafios do século XXI. Alguns dados e recortes oferecem argumentos e razões que possibilitam ver o futuro com otimismo.","SM Paradidático",2009-01-01,,,,,48,,,,,,,,,,,,,2026-06-25,1
book,"Coisas Importantes","Peter Carnavas, Regina Drummond",Peter,Carnavas,"Biblioteca do Ponto de Cultura UBEMTEM",9788532279200,8532279201,"Felipe vive com sua mãe. É ela quem faz tudo em casa, já que o pai de Felipe saiu da vida deles. Quando eles se desfazem de uma caixa repleta de coisas velhas que pertenceram ao pai ausente, uma série de eventos ocorrem e revelam as formas diferentes de Felipe e sua mãe lidarem com a falta do pai. Leia mais","FTD Educação",2011-01-01,,,,,32,,,,,,,,,,,,,2026-06-25,1
book,"O Menino Enrolado","PAULA PIANO SIMÕES",PAULA,SIMÕES,"Biblioteca do Ponto de Cultura UBEMTEM",9788598866659,8598866652,"Nasci em Lisboa numa madrugada chuvosa de inverno e cresci rodeada de muitas irmãs, quatro no total.
Por conta de uma revolução que aconteceu em Portugal, vim com meus pais e irmãs para o país de nossa mãe, o Brasil.
No Rio de Janeiro fiz muitos amigos e me formei em Direito. Casei-me com um carioca e tivemos três filhos.
Nova mudança, desta vez para a Bahia. O círculo de amizades não parou de aumentar e concluí uma pós-graduação em Produção Cultural. Surpresa, constato que moro em Salvador há quinze anos!
Quando os filhos cresceram e cada um tomou seu rumo, voltei minha atenção para uma atividade que gostava muito de fazer quando era jovem: escrever.
Comecei pelo blog ""Fagulha de Ideias"", onde comento sobre os livros que li e gostei.
Depois vieram as histórias.
A primeira foi ""A Pergunta Mais Importan-te"", publicada em 2015 pela editora Humani-dades. No início do ano, um conto meu foi incluído na coletânea ""Escritor Profissional"", da editora fluminense Oito e Meio
Agora é a vez de ""O Menino Enrolado"" receber toda a atenção e carinho da Caramurê
Publicações.",CARAMURÊ,2018-07-28,,,,,,,,,,,,,,,,,,2026-06-25,1
book,"A pior princesa do mundo","Anna Kemp, Marília Garcia",Anna,Kemp,"Biblioteca do Ponto de Cultura UBEMTEM",9788577532483,8577532488,"Esqueça os lindos vestidos, casamentos de contos de fadas e bailes monumentais Cansada dessas princesinhas bobas? Enjoada de tantos contos de fadas e príncipes que salvam princesas? Querendo uma princesa com um pouquinho mais de animação? Então este livro é perfeito para você! O negócio da princesa Soninha é aventura, brincadeira e arranjar amigos bem diferentes. Ela é mesmo a pior princesa do mundo! Soninha é uma princesa nada convencional. Cansou de ficar num castelo esperando pelo príncipe encantado e não acha nada animador o mundo de contos de fadas que ele tem a lhe oferecer. Ela quer mesmo é partir em busca de aventuras e se divertir... montada num dragão! Leia mais","Paz & Terra",2012-12-31,,,,,32,,,,,,,,,,,,,2026-06-25,1
book,"Uma Gota De Magica","Ana Maria Machado",Ana,Machado,"Biblioteca do Ponto de Cultura UBEMTEM",9788528101362,8528101363,"Nunca estudei pedagogia. Meu negócio é contar histórias, inventar escrita. Mas também sou mãe. Quando meu filho Rodrigo tinha uns quatro ou cinco anos, nós morávamos na Inglaterra. Um dia descobri que ele estava começando a ler em inglês. Logo vi que, se eu não fizesse alguma coisa, ele iria ficar letrado em língua dos outros e analfabeto na nossa. Inventei então um jogo com sílabas escritas em cartões. Era muito divertido: íamos juntando os cartões, formando palavras e inventando histórias. Ler e criar era uma coisa só, muito curtida. Começamos pelas sílabas com que ele tinha começado a falar: as vogais, o ma, ba, pa, la e seus companheiros. Deu ótimo resultado e ficamos muito felizes.
Anos depois, resolvi dividir essa alegria com todas as crianças que já estão no ponto de aprender a ler e que ficam se chateando às vezes com cartilhas sem graça. Aí, pedi ajuda a uma pedagoga, a Marisa Almeida Borba, que me orientou quanto à melhor ordem para a aquisição das sílabas na leitura. E fui buscar socorro com o Claudius, que eu adoro, admiro e respeito e que há muito tempo trabalha com educação
— tem experiência na Europa, na África e por aqui mesmo. Já escrevi uma porção de livros, mas poucos têm me dado tanta emoção como os dessa série Mico Maneco: para tantas crianças, o primeiro livro lido na vida. Uma espécie de chave mágica para toda a literatura, todas as leituras futuras, todos os livros do mundo! Vocês nem podem imaginar como isso esquenta dentro do peito...
Ana Maria Machado","Fora Do Catalogo",2018-09-21,,,,,,,,,,,,,,,,,,2026-06-25,1
book,"O que há de África em nós","Walter Fraga, Wlamyra R. de Albuquerque",Walter,Fraga,"Biblioteca do Ponto de Cultura UBEMTEM",9788516084769,8516084760,"O que há de África em nós é um livro de viagens. Os personagens atravessam o oceano Atlântico, visitam outros períodos históricos, embarcam em navios e chegam a lugares e situações diferentes. Cecília, Camila, Akin, Chico, Isabel e Alice são alguns dos viajantes a nos guiar nessa incrível história sobre a presença africana no Brasil.Tudo começa com uma pergunta: Desde quando o mundo é mundo? Essa questão nos leva ao continente africano. As invenções dos primeiros grupos humanos que ali habitavam, a colonização portuguesa, a escravidão, as relações entre o Brasil e os países africanos e as criações culturais de africanos e seus descendentes em nosso país são alguns dos pontos de embarque rumo ao conhecimento sobre nossa história.As rotas? É você quem faz. Experimente ler a partir de qualquer capítulo, misture os personagens, refaça as histórias que, afinal, também são suas. Mas venha logo, o embarque já está garantido a quem tiver imaginação e curiosidade! Leia mais","Moderna Literatura",2013-07-11,,,,,80,,,,,,,,,,,,,2026-06-25,1
book,"ABC Afro-brasileiro","Carolina Cunha",Carolina,Cunha,"Biblioteca do Ponto de Cultura UBEMTEM",9788576754503,8576754509,"“Axé”, “capoeira”, “dendê”, “ebó”, “Levante dos Malês”, “Menininha do Gantois” e “Yemanjá” são alguns dos verbetes desse ABC, que compõe um retrato da herança africana na cultura brasileira, resgatando valores, costumes, tradições. Em texto e imagem, Carolina Cunha apresenta a influência de diversas nações africanas na culinária, na música, na relação com a natureza, na religiosidade... enfim, na formação do povo brasileiro.","EDICOES SM",2009-01-01,,,,,48,,,,,,,,,,,,,2026-06-25,1
book,"ABC do Continente Africano","Rogério Andrade Barbosa",Rogério,Barbosa,"Biblioteca do Ponto de Cultura UBEMTEM",9788576751748,8576751747,"Por que o Nilo é o “rio da vida”? Por que a árvore baobá é chamada de “mãe”? Quais são os significados das danças e dos ornamentos africanos? Local de origem do ser humano, rico de história e de cultura, a África tem diversas faces: é exótica e misteriosa, perigosa e cruel, triste e explorada. Esse ABC apresenta cidades, vilarejos, grandes líderes, mitos e cores do continente ao qual os brasileiros estão intimamente ligados. Leia mais","Edições Sm",,,,,,,,,,,,,,,,,,,2026-06-25,1
book,"Paiquere, O Paraiso Dos Kaingang","Nao Consta",Nao,Consta,"Biblioteca do Ponto de Cultura UBEMTEM",9788576754558,857675455X,"Fíetó transformou-se em pássaro e voou para as terras do ín-dio Minarã com o propósito de roubar uma brasa de fogo para aquecer a aldeia e os alimentos. Na volta, provocou um incên-dio, mas levou enfim conforto e prosperidade para seu povo.
Tempos depois, uma forte tempestade alagou planícies e en-cobriu montanhas. Quando a terra secou, os irmãos gêmeos Kamé e Kairu, o Sol e a Lua, trataram de colocar ordem nas coisas. Foram eles que criaram e deram nome a tudo neste mundo, segundo a cosmogonia dos Kaingang, povo espalha-do pelos estados de São Paulo, Paraná, Santa Catarina e Río Grande do Sul. Os indígenas têm um pensamento particular sobre a origem da vida e do universo, bem diferente do ho-mem branco. As histórias que você lerá aqui falam de temas comuns a várias culturas, como a conquista do fogo e o grande dilúvio, que ocorreram em tempos bem longínquos...
Cléo Busatto é escritora, mediadora em projetos de oralidade, leitura e literatura infantojuvenil, contadora de histórias, mestre em Teoria Literária pela Universidade Federal de Santa Catarina (UFSC) e pes-quisadora transdisciplinar no Centro de Transdisciplinaridade (Ce-trans). Cléo publicou pela SM Pedro e o Cruzeiro do Sul.
Joãocaré é ilustrador, músico, professor de ioga e ex-grafiteiro. Nasceu em Porto Alegre, Río Grande do Sul, mas mora em Berlim, Alemanha. O primeiro livro infantil que ilustrou recebeu o Prêmio Açorianos de Literatura em 2008. A partir de 2009, Joãocaré começou a dividir seu tempo entre a Europa, onde estão os filhos, e o Brasil, sua terra natal.","SM Paradidático",,,,,,,,,,,,,,,,,,,2026-06-25,1
book,"Com quantos pingos se faz uma chuva?","Maria Amália Camargo, Ionit Zilberman",Maria,Camargo,"Biblioteca do Ponto de Cultura UBEMTEM",9788564571402,8564571404,"Qual o melhor método para limpar as orelhas dos livros: com um cotonete ou esfregando o mindinho? Por que algumas pessoas lambem o dedo antes de virar as folhas das revistas: para tirar o pó do rodapé das páginas? Você gosta de frases com pontos de interrogação? Que tal um livro cheinho delas?",ÔZé,2017-10-09,,,,,32,,,,,,,,,,,,,2026-06-25,1
book,Diversidade,"Tatiana Belinky, Gilles Eduar",Tatiana,Belinky,"Biblioteca do Ponto de Cultura UBEMTEM",9788520000908,8520000908,"Os versos da autora mostram que não basta reconhecer que as pessoas são diferentes. É preciso respeitar as diferenças, seja no aspecto físico, no comportamento ou na personalidade. Essa diversidade está na cor da pele, na textura do cabelo, nos humores ou no temperamento, fatores que não tornam as pessoas melhores ou piores, mas diferentes, como todos os seres humanos. Leia mais","FTD Educação",2021-06-02,,,,,40,,,,,,,,,,,,,2026-06-25,1
book,"O Tupi Que Você Fala","Claudio Fragata",Claudio,Fragata,"Biblioteca do Ponto de Cultura UBEMTEM",9788525059642,8525059641,"Guri, pipoca, saci, guaraná, abacaxi. Podemos não perceber, mas é comum falarmos tupi. As palavras de origem indígena fazem parte do nosso cotidiano e com O tupi que você fala as crianças descobrirão que vários alimentos, animais e plantas têm nomes dados pelos índios. Claudio Fragata revela de forma divertida que todos temos um pouco","Globo Livros",2021-06-28,,,,,32,,,,,,,,,,,,,2026-06-25,1
book,"A Aventura de Abaré","Juliana Schroden, Roberto Weigand",Juliana,Schroden,"Biblioteca do Ponto de Cultura UBEMTEM",9788532282774,8532282776,"Abaré é um simpático papagaio que vive com seu amigo Membira e sua família em uma aldeia indígena nômade. Embora feliz, Abaré parte para a cidade em busca de aventuras. Nelas, conhece diversas crianças, que vivem em famílias muito diferentes, em ambientes urbanos bem variados. E nessa busca, ele faz uma descoberta reveladora. Leia mais","FTD Educação",,,,,,,,,,,,,,,,,,,2026-06-25,1
book,"Semeador Do Bem, O","Cleber Galhardi",Cleber,Galhardi,"Biblioteca do Ponto de Cultura UBEMTEM",9788583531227,8583531226,"É impossível ler e não se apaixonar pela história de Betinho. O menino encontra um saco com sementes mágicas e passa a plantá-las. Com o tempo, novos amigos apresentam-se para colaborar, e o resultado é um mundo mais acolhedor e iluminado.
Betinho ensina que a vida pode e deve ser muito interessante se tivermos a iniciativa e o compromisso de torná-la melhor. Afinal, nunca é tarde para semear o bem!",,,,,,,,,,,,,,,,,,,,2026-06-25,1
book,"Mateus, esse boi é seu","Marco Haurélio",Marco,Haurélio,"Biblioteca do Ponto de Cultura UBEMTEM",,,"Eu li, gostei e recomendo!
Conte para seu amigo e para sua família sobre o que você mais gostou no seu livro.",,,,,,,,,,,,,,,,,,,,2026-06-25,1
book,"Avó com Cheiro de Pão Caseiro","Zuca Zé, Pirillo Marília",Zuca,Zé,"Biblioteca do Ponto de Cultura UBEMTEM",9788579330162,8579330165,"Já imaginou um neto descobrindo que sua avó tem namorado? Então, prepare-se para descobrir como o menino desta história nos conta sobre sua relação com a avó e como ele descobriu que ela estava namorando o dono da padaria. Avó com cheiro de pão caseiro é uma delicada história sobre as relações entre avós e netos, com direito a recordações e receita de um delicioso pão caseiro, o delicioso pão de vó Belinha. Leia mais",Zit,2013-01-01,,,,,32,,,,,,,,,,,,,2026-06-25,1
book,"O que voce faz com uma oportunidade?","Kobi Yamada",Kobi,Yamada,"Biblioteca do Ponto de Cultura UBEMTEM",9788592824099,8592824095,"O que você faz com uma oportunidade?
Especialmente com uma que parece tão grande e tão selvagem ou tão fora do alcance?
Você hesita? Você age como se não desse bola?
Você a deixa passar?
Esta é a história de algumas oportunidades extraordinárias e de uma criança que não sabe direito o que fazer com elas. Mas, quanto mais as oportunidades aparecem, mais a fascinação da criança aumenta.
E, então, um belo dia, um pouquinho de coragem faz toda a diferença do mundo.
Esta é uma história para qualquer pessoa, em qualquer idade, que já tenha desejado algo em algum momento, mas que teve receio de arriscar demais para consegui-lo.
É uma história para inspirar você a abraçar as oportunidades que aparecem na sua vida. Porque você nunca sabe quando uma oportunidade, uma vez aproveitada, pode ser aquela que acabará mudando tudo.",,2018-01-01,,,,,,,,,,,,,,,,,,2026-06-25,1
book,"A menina furacão e o menino esponja","Ilan Bremman e Lucía Serrano",Ilan,Serrano,"Biblioteca do Ponto de Cultura UBEMTEM",,,"Ela é expansiva e otimista em relação ao futuro. Ele é retraído e ressabiado. Em A menina furacão e o menino esponja, llan Brenman faz um apelo genuíno ao que temos de riqueza maior: a troca de experiências.",,,,,,,,,,,,,,,,,,,,2026-06-25,1
book,"O Que Você Faz Com Uma Ideia?","Kobi Yamada, Mae Besom",Kobi,Yamada,"Biblioteca do Ponto de Cultura UBEMTEM",9788592824006,8592824001,"O que você faz com uma ideia? Especialmente uma ideia que é diferente, desafiadora, ou só um pouquinho maluca? Essa é a história de uma ideia brilhante e da criança que a ajuda a vir ao mundo. Conforme a confiança da criança cresce, a ideia cresce também. E então, um dia, uma coisa maravilhosa acontece.Essa é uma história para qualquer um, de qualquer idade, que, alguma vez, já teve uma ideia que parecia grande demais, esquisita demais, difícil demais. É uma história para inspirar você a aceitar sua ideia, a dar espaço para que ela cresça e ver o que acontece então. Leia mais",Vooinho,,,,,,,,,,,,,,,,,,,2026-06-25,1
book,"Na colina","Benji Davies",Benji,Davies,"Biblioteca do Ponto de Cultura UBEMTEM",9788516108366,8516108368,"Bento e Edu são os melhores amigos. Eles ficaram um tempão juntos, brincando na colina. Mas, um dia, aparece outro menino. E ele quer se juntar à dupla. Será que dois podem virar três? Leia mais",Salamandra,2018-03-06,,,,,32,,,,,,,,,,,,,2026-06-25,1
book,"Tatugo Timbó","Patrícia Secco",Patrícia,Secco,"Biblioteca do Ponto de Cultura UBEMTEM",,,,,,,,,,,,,,,,,,,,,,,2026-06-25,1
book,"Tenho mais monstros na Barriga","Guilherme Semionato",Guilherme,Semionato,"Biblioteca do Ponto de Cultura UBEMTEM",9788592063115,8592063116,"Eu sou o Marcelo, e um dia descobri que dentro da minha barriga vivem muitos monstrinhos. Alguns são mais animados, outros são mais quietinhos. Às vezes eles aparecem quando estou sozinho, outras vezes quando me relaciono com as pessoas e o mundo à minha volta.","Tonia Casarin",2019-02-20,,,,,50,,,,,,,,,,,,,2026-06-25,1
book,"A árvore generosa","Shel Silverstein, Fernando Sabino",Shel,Silverstein,"Biblioteca do Ponto de Cultura UBEMTEM",9788574067537,8574067539,"Neste clássico da literatura infantil, um menino e uma árvore têm uma relação muito especial. Dia após dia, ele come suas maçãs, brinca em seus galhos e descansa sob sua sombra. Porém, à medida que vai crescendo, fica cada vez mais exigente em seus pedidos, e a árvore, mesmo com poucos recursos mas cheia de amor, continua a fazer tudo o que ele quer. Todos os dias um menino vai até uma árvore para se pendurar em seus galhos, comer suas maçãs e descansar sob sua sombra. O menino ama a árvore; e ela, feliz, o ama também. Porém, à medida que o tempo passa, o garoto cresce e começa a desejar mais do que a simples companhia de sua amiga para brincar e repousar. Ele passa a querer dinheiro, uma casa, uma esposa... E a árvore, sem muitos recursos para ajudá-lo mas disposta a qualquer coisa para vê-lo feliz, vai se desfazendo aos poucos, mostrando que, pelo amor do menino, pode abrir mão de sua própria vida. Leia mais","Companhia das Letrinhas",,,,,,,,,,,,,,,,,,,2026-06-25,1
book,"Temos Cor de Pele Tão Diferentes? - Coleção Só Me Diz por Que...","Sara Agostine",Sara,Agostine,"Biblioteca do Ponto de Cultura UBEMTEM",9788538901860,8538901869,"Aifa, uma linda garotinha de pela escura e uma cascata de trancinhas no cabelo, chega à sala de aula de Ana. A professora, então, conversa com os alunos sobre a diversidade racial e sobre a importância de respeitar as diferenças.",Escala,2014-01-01,,,,,27,,,,,,,,,,,,,2026-06-25,1
book,"Bruxa Onilda vai à festa","Enric Larreula, Roser Capdevila",Enric,Larreula,"Biblioteca do Ponto de Cultura UBEMTEM",9788526250109,8526250108,"Certo dia, Bruxa Onilda foi convidade para uma grande festa. Ela não perderia por nada aquele evento! Lá dançou com um jovem alquimista, participou da corrida de vassouras e, finalmente venceu o concurso de beleza, o Miss Aiquehorror. Nenhuma outra concorrente era tão feia como ela. Bruxa Onilda ficou muito orgulhosa. Leia mais",Scipione,,,,,,,,,,,,,,,,,,,2026-06-25,1
book,"A Viagem de Filomena","Vera Granado, Grupo Editorial Zit, Não possui, Sérgio França, Nicole Cardoso",Vera,Granado,"Biblioteca do Ponto de Cultura UBEMTEM",9788599105986,8599105981,"A história de uma minhoca que queria voar. Por meio de versos, a autora vai relatando todas as possibilida-des em que a minhoca pensou para conseguir chegar ao céu, e todos os obstáculos que encontrou. O livro mostra que devemos ter sonhos e lutar por eles; que, apesar das diferenças e limitações, podemos ter as mesmas oportunidades. A autora ensina que a arte é um meio de expressar o que sentimos e idealizamos. _x000D_","Zit Editora",2021-10-13,,,,,32,,,,,,,,,,,,,2026-06-25,1
book,"Folia dos Três Bois","Sylvia Orthof, Rosinha",Sylvia,Orthof,"Biblioteca do Ponto de Cultura UBEMTEM",9788561521929,8561521929,"No clima das festas populares do nordeste e dos cortejos de boi-bumbá, as aventuras de Zé e Das Graças, um casal de retirantes, que volta para casa por causa da gravidez da mulher. Na viagem, eles encontram personagens fantásticos. E na hora do nascimento do bebê, três bois mágicos lhe trazem como presente o direito que toda criança tem a viver sem pobreza, com educação de qualidade gratuita e a oportunidade de brincar e se divertir.",Rovelle,2012-05-01,,,,,64,,,,,,,,,,,,,2026-06-25,1
book,"Cordel das lendas bovinas","Jorge Fernando dos Santos",Jorge,Santos,"Biblioteca do Ponto de Cultura UBEMTEM",9788535604832,8535604839,"Em 24 estrofes de seis versos de nove sílabas, cada uma iniciada com uma letra do alfabeto, a obra conta histórias, lendas e mitos e mistura fantasia e realidade em versos rimados e bem-humorados para falar da presença do boi na vida dos homens, da Idade da Pedra aos nossos dias.","Editora Paulinas",2007-06-26,,,,,24,,,,,,,,,,,,,2026-06-25,1
book,"O homem que amava caixas","Stephen Michael King, Gilda de Aquino",Stephen,King,"Biblioteca do Ponto de Cultura UBEMTEM",9788585357696,858535769X,"Este livro, delicadamente, explora a complexidade das emoções envolvidas quando se ama alguém, e mostra que, às vezes, o amor pode ser demonstrado através de atos e não de palavras. As ilustrações, de um colorido vivo, complementam o texto sensível e delicado. Leia mais",Brinque-Book,1997-01-01,,,,,36,,,,,,,,,,,,,2026-06-25,1
book,"O sonho de Borum","Edson Krenak, Mauricio Negro",Edson,Krenak,"Biblioteca do Ponto de Cultura UBEMTEM",9788582176177,8582176171,"A Fundação Nacional do Livro Infantil e Juvenil (FNLIJ) – seção brasileira do International Board on Books for Young People (IBBY), cuja missão é divulgar livros de qualidade para crianças e jovens –, reconhecendo o trabalho inédito da escrita literária criada por indígenas para esse público, e como ação de fortalecimento da nova década dos povos indígenas (2005-2015), proclamada pela UNESCO, criou, em 2004, em parceria com o Instituto Indígena Brasileiro para Propriedade Intelectual (INBRAPI), por meio do Núcleo de Escritores e Artistas Indígenas (NEArIn), o Concurso Tamoios de Textos de Escritores Indígenas. A obra O sonho de Borum, de Edso Krenak, é a vencedora do 10o Concurso Tamoios de Textos de Escritores Indígenas. A Autêntica Editora, unindo-se a essa ação inovadora, publica o texto vencedor, possibilitando que este, transformado em livro, seja lido por mais pessoas.","Autêntica infantil e juvenil",2015-05-06,,,,,32,,,,,,,,,,,,,2026-06-25,1
book,"Turma da Mônica - Folclore Brasileiro","Mauricio de Sousa",Mauricio,Sousa,"Biblioteca do Ponto de Cultura UBEMTEM",9788574889252,8574889253,"Um dos aspectos mais ricos da cultura brasileira é o seu diversificado folclore. São cantigas de roda, parlendas, pegadinhas, trava-línguas, músicas, adivinhas, provérbios, crendices, trovas, acalantos e brincadeiras que atravessaram gerações e gerações e até hoje encantam as crianças. Neste livro, os personagens da brasileiríssima Turma da Mônica mostram o quanto o folclore está presente no nosso dia a dia e como continua atrativo, mesmo em tempos de computadores e videogames. Afinal, manter o folclore brasileiro vivo é missão de todos nós. Este livro já se tornou um clássico mais que indispensável! Vem ainda com um guia do professor ao final do livro com muitas divas de atividades para desenvolver com os pequenos e trabalhar de forma interdisciplinar. Conteúdo especialmente desenvolvido com curadoria psicopedagógica. Leia mais",Girassol,2015-08-06,,,,,168,,,,,,,,,,,,,2026-06-25,1
book,"Era uma vez num Jardim","Sandra Pina, Grupo Editorial Zit, Não possui, Sérgio França, Nicole Cardoso",Sandra,Pina,"Biblioteca do Ponto de Cultura UBEMTEM",9788599105665,8599105663,"Era uma vez um livro de imagens ou, se preferir, um livro sem texto ou história sem palavras. Livro que traz uma história que a criança pode ler e compreender muito antes de dominar a linguagem escrita. Tudo parecia viver em harmonia no jardim. Até que um dia, um passarinho é preso e outro fica, no jardim. O que poderá acontecer com os passarinhos? Para descobrir todos estes mistérios dessa história será preciso abrir as páginas deste livro, que nos permite múltiplas leituras. Você não quer fazer a sua?","Zit Editora",2018-11-22,,,,,24,,,,,,,,,,,,,2026-06-25,1
book,"Joselito e Seu Esporte Favorito","Léo Cunha, Salmo Dansa",Léo,Cunha,"Biblioteca do Ponto de Cultura UBEMTEM",9788561521905,8561521902,"A história deste livro é uma homenagem que o escritor Leo Cunha faz a sua madrinha literária, a grande escritora Sylvia Orthof.Tudo começa quando uma escola se prepara para receber triunfalmente a autora, num dia de feira de livros. Mas ela tem que ir ao hospital fazer um exame e não consegue ir à feira. Todos na escola ficam frustrados, especialmente o garoto Joselito, que começa a armar uma senhora confusão. A partir de um fato verídico, a história mistura realidade e imaginação, inclusive citando vários personagens e recriando rimas e situações encontrados nos livros de Sylvia.",Rovelle,2012-06-13,,,,,32,,,,,,,,,,,,,2026-06-25,1
book,"Na Venda de Vera - Coleção Tirando de Letra","Ricardo Coimbra",Ricardo,Coimbra,"Biblioteca do Ponto de Cultura UBEMTEM",9788586218491,8586218499,"Tirando de Letra é uma coleção de livros desenvolvida para reforçar, complementar e estimular os processos de alfabetização e letramento. Sem deixar de lado o caráter literário, cada obra ressalta uma letra do alfabeto e, bem ao gosto das crianças, privilegia o campo sonoro, explorando uma situação inusitada com rimas e ritmo. Na Venda da Vera vendiam-se vidros de vento, mas ninguém acreditava. Será que era verdade? Leia mais",Manati,2008-01-01,,,,,20,,,,,,,,,,,,,2026-06-25,1
book,"A Teia das Águas","Roseana Murray e Bia Hetzel",Roseana,Hetzel,"Biblioteca do Ponto de Cultura UBEMTEM",,,"Tem gente que para e repara nos presentes que a natureza nos dá. As poetas Roseana Murray e Bia Hetzel e o ilustrador Daniel Gnattali nos pedem uma pausa no corre-corre da vida e nos emprestam uma lupa mágica para repararmos melhor na teia de vida da qual fazemos parte: de onde vem a água da chuva? Zoé, o que é?",,,,,,,,,,,,,,,,,,,,2026-06-25,1
book,"Grande circo favela - Uma História de Superação e Solidariedade Inspirada pelo Primeiro Palhaço Negro do Brasil","Otávio Júnior, Roberta Nunes",Otávio,Júnior,"Biblioteca do Ponto de Cultura UBEMTEM",9788545559603,8545559607,"Ju, uma menina esperta e cheia de sonhos, encontra Mingau, um palhaço que trocou a alegria pela tristeza depois que o circo no qual trabalhava fechou. Perdido, ele perambulava pela cidade até chegar à favela onde mora Ju. Ela, que nunca havia visto um palhaço de perto, tem uma grande ideia que surpreenderá a todos.Ao final, o leitor terá uma incrível revelação nessa história que transborda superação e solidariedade, conhecendo mais sobre o artista que inspirou Otávio Jr: Beijo Moleque, interpretado por Benjamim de Oliveira, o primeiro palhaço negro do Brasil.A inspiração dessa história é a mesma do tema da Acadêmicos do Salgueiro no carnaval de 2020.","Estrela Cultural",2019-09-01,,,,,32,,,,,,,,,,,,,2026-06-25,1
book,"Malala e seu lápis mágico","Malala Yousafzai, Kerascoët, Lígia Azevedo",Malala,Yousafzai,"Biblioteca do Ponto de Cultura UBEMTEM",9788574068114,857406811X,"Um livro de Malala Yousafzai para os pequenos leitores sobre a importância de lutar pelos próprios direitos ― e nunca deixar de sonhar. Quando era apenas uma menina vivendo no Paquistão, o maior desejo de Malala era ter um lápis mágico. Mas quando seu direito à educação foi colocado em perigo por homens que acreditavam que meninas não deveriam ir à escola, Malala percebeu que a sociedade em que vivia precisava de mudanças imediatas. Só então ela foi capaz de enfrentar grandes obstáculos até encontrar dentro de si a força e as ferramentas necessárias para mudar o mundo. Em seu primeiro livro infantil, a garota paquistanesa ganhadora do Prêmio Nobel da Paz, retorna à própria infância para apresentar sua história aos pequenos leitores e inspirar uma nova geração a quebrar o silêncio para transformar o mundo em um lugar melhor. Leia mais","Companhia das Letrinhas",,,,,,,,,,,,,,,,,,,2026-06-25,1
book,"O que tem na venda da Dona Neném?","Otávio Júnior",Otávio,Júnior,"Biblioteca do Ponto de Cultura UBEMTEM",,,"Na subida do Morro do Caracol, a venda da dona Neném é um ponto de encontro cheio de sabores, afeto e memórias. Com receitas nordestinas e muita alegria, ela transforma sua pequena venda num espaço de convivência, poesia e cultura popular.",,,,,,,,,,,,,,,,,,,,2026-06-25,1
book,"A Gotinha Sueli","Mestre Toni Vargas",Mestre,Vargas,"Biblioteca do Ponto de Cultura UBEMTEM",,,"Antonio Cesar de Vargas
Mais conhecido como Mestre Toni Vargas, é natural do Rio de Janeiro, nascido em 5/4/1958. Pai de três filhos, avô de dois netos, formado em Educação Física pela UFRJ e pós-graduado em Dança.
Quando pequeno, morou no subúrbio do Rio, onde deu início a sua trajetória na capoeira. Hoje possui mais de 50 anos de prática e é formado há 38 anos, por Mestre Peixinho. É reconhecido como um dos grandes mestres renomados dessa arte, considerada pelo próprio poeta como sua primeira e mais importante formação.
Apesar de ter seus primeiros versos escritos aos seis anos, foi através da capoeira que se desenvolveu como poeta, tocador e cantador. É autor dos livros, Fragmentos. da Mandinga, Textos Urbanos, Textos no Isolamento e de diversos álbuns musicais autorais, compositor de inúmeras músicas que trafegam pelos mais diferenciados gêneros, que vão do universo infantil, passam pelo rock, samba, blues, MPB e culminam em incontáveis cantigas de capoeira.",,,,,,,,,,,,,,,,,,,,2026-06-25,1
book,"ABC do Brasil","Ana Maria Machado",Ana,Machado,"Biblioteca do Ponto de Cultura UBEMTEM",9788576752295,8576752298,"O Brasil se faz da exuberância da fauna e da flora, da miscigenação, do futebol, da culinária, de festas tradicionais, da alegria e espontaneidade de seus habitantes, de nomes como Machado de Assis, Carlos Drummond de Andrade, Guimarães Rosa, Oscar Niemeyer, Tom Jobim, Juscelino Kubitschek, e muito mais. É o que mostra Ana Maria Machado nesse ABC, um mosaico da grande diversidade desse país com mais de 8 milhões de metros quadrados. Leia mais","SM Paradidático",,,,,,,,,,,,,,,,,,,2026-06-25,1
book,"Rua Luanda","Edimilson de Almeida Pereira",Edimilson,Pereira,"Biblioteca do Ponto de Cultura UBEMTEM",9788535620252,8535620257,"Rua Luanda reúne dezoito poemas que ressaltam exatamente a importância desses valores supremos que tornam a vida mais bela e mais humana ao mostrar que o diferente também é possível e igualmente válido. Os textos quase cantigas também remetem à cultura afro-descendente seja na escolha vocabular seja pela referência a Luanda capital da República da Angola (país da costa ocidental da África).As belas ilustrações de Rubem Filho trazem muitos elementos africanos quer nas cores quentes empregadas quer nos detalhes.",Paulinas,2008-01-14,,,,,39,,,,,,,,,,,,,2026-06-25,1
book,Cordeláfrica,"César Obeid",César,Obeid,"Biblioteca do Ponto de Cultura UBEMTEM",9788516093648,8516093646,"O livro propõe uma visita, por meio da literatura de cordel, às diversas culturas que atravessaram o Atlântico - vindas do distante continente africano -, se fundiram em solo brasileiro e tomaram dimensões próprias. A consciência da enorme influência dessas culturas no cotidiano de todos os brasileiros ajudará na tentativa de acabar com os preconceitos que até hoje, infelizmente, assombram a nossa sociedade. Para ilustrar toda essa riqueza de detalhes em forma de rimas, foi escolhida uma técnica de ilustrações digitais baseada na xilogravura. Leia mais","Moderna Literatura",,,,,,,,,,,,,,,,,,,2026-06-25,1
book,"Emocionário: Diga o que você sente","Cristina Núñez Pereira, Rafael R. Valcárcel, Rafaella Lemos",Cristina,Pereira,"Biblioteca do Ponto de Cultura UBEMTEM",9788543106595,8543106591,"Como descrever o AMOR?O que você sente quando está com MEDO?De onde vem a ALEGRIA?Por que sentimos INVEJA?Emocionário é um dicionário de emoções que nos ajuda a entender melhor o que se passa em nosso coração. Prazer, ódio, entusiasmo, insegurança, orgulho e muitos outros sentimentos são representados por ilustrações inspiradoras e explicados de forma simples e delicada. Com esse livro, crianças de todas as idades vão aprender a reconhecer suas emoções e expressar seus sentimentos.Com ilustrações de: Adriana Keselman • Alejandra Karageorgiu • Anita Morra • Bela Oviedo • Cynthia Orensztajn • Elissambura • Federico Combi • Gabriela Thiery • Javier González Burgos • Jazmín Varela • Josefina Wolf • Keki un puntito • Luciana Feito • María Lavezzi • Maricel Rodríguez Clark • Nancy Brajer • Nella Gatica • Paola De Gaudio • Patricia Fitti • Romina Biassoni • Tofi • Virginia Piñón Leia mais","Editora Sextante",,,,,,,,,,,,,,,,,,,2026-06-25,1
book,"Contos De Itaparica","Rogério Andrade Barbosa",Rogério,Barbosa,"Biblioteca do Ponto de Cultura UBEMTEM",9788560820832,8560820833,"O faminto Guerê, metade porco, metade cavalo, chega para perturbar a tranquilidade de uma casa. Tudo o que ele quer é comer, e nenhuma das artimanhas pensadas pela mãe é capaz de impedi-lo de saciar sua fome.
Já Ana, jovem lavadeira, conta com a ajuda de um animal de hábitos nunca vistos para deixar as roupas de sua patroa de um branco branquíssimo.
A Ilha de Itaparica é assim, repleta de magia e ritmo.
Ao som de acalantos e músicas, suas histórias são transmitidas de boca em boca, ecoando a riqueza de contos e folclores desse lugar.","SM Paradidático",2010-01-01,,,,,36,,,,,,,,,,,,,2026-06-25,1
book,"Onda (Nova edição)","Suzy Lee",Suzy,Lee,"Biblioteca do Ponto de Cultura UBEMTEM",9788574067735,8574067733,"A premiada artista Suzy Lee faz uso de elementos muito simples para criar uma bela história ― que não precisa de absolutamente nenhuma palavra para ser contada. Com um uso refinado de linha e cor, ela explora a força na natureza, da amizade e das novas experiências. “Onda, de Suzy Lee, é um grito poderoso de arte, silêncio e movimento!” Roger Mello Leia mais","Companhia das Letrinhas",,,,,,,,,,,,,,,,,,,2026-06-25,1
book,"Sinto o que sinto: e a incrível história de Asta e Jaser","Lázaro Ramos, Mundo Bita, Ana Maria Sena",Lázaro,Ramos,"Biblioteca do Ponto de Cultura UBEMTEM",9788595540583,8595540586,"Mesmo para os adultos, lidar com os sentimentos nem sempre é fácil. Isso é o que Dan, personagem principal dessa história, percebe ao longo de seu dia, enfrentando diferentes situações que o fazem ter de encarar uma mistura bastante diversa de sentimentos. E à noite, já em casa e quase pronto para ir dormir, Dan ouve uma história muito especial de seu avô sobre seus ancestrais.O livro de estreia de Lázaro Ramos na Carochinha Editora tem como objetivo ajudar as crianças a entender que é normal sentir raiva, alegria, orgulho, tudo ao mesmo tempo. Aprender a identificar e a nomear tais sentimentos é muito importante para o desenvolvimento emocional do ser humano. Além disso, a obra mostra a importância de se valorizar a nossa ancestralidade. Leia mais",Carochinha,,,,,,,,,,,,,,,,,,,2026-06-25,1
book,"Tenho Monstros na Barriga","Tonia Casarin",Tonia,Casarin,"Biblioteca do Ponto de Cultura UBEMTEM",9788592063108,8592063108,"Os livros tenho monstros na barriga e tenho mais monstros na barriga foram escritos por tonia casarin com o objetivo de ajudar as crianças a reconhecerem e entenderem melhor suas emoções, além de auxiliar os pais e professores a se juntarem nessa aventura, amparando as crianças durante o processo de descoberta e desenvolvimento de competências socioemocionais e inteligência emocional. Tenho monstros na barriga – o livro narra a história do pequeno marcelo, que diz sentir um monte de ""coisas"" desconhecidas na barriga. No decorrer da história, ele entende que essas ""coisas"" na verdade são as emoções e as chama de ""monstrinhos"". Com este livro, as crianças vão descobrir, explorar e entender junto com marcelo os sentimentos de alegria, tristeza, raiva, medo, coragem, curiosidade, orgulho e ciúme. A leitura ajuda no processo de descoberta e desenvolvimento de competências socioemocionais e inteligência emocional. Além disso, é uma ótima oportunidade para pais, professores e crianças se juntarem nessa aventura. Leia mais","TONIA CASARIN",,,,,,,,,,,,,,,,,,,2026-06-25,1
book,"Luar Insone Polvilhado de Outonos","Sergio Bruni",Sergio,Bruni,"Biblioteca do Ponto de Cultura UBEMTEM",9788555470523,8555470528,"Dentre as principais patologias oftalmológicas que acometem homens e mulheres de nosso tempo, encontra-se o Spetaculum Mundi.
Esta enfermidade se apodera dos indivíduos fazendo com que só consigam perceber as coisas espetaculares do mundo. As capacidades do olhar ficam atrofiadas de tal modo que só o extraordinário é percebido. Tal atrofia da visão vai aos poucos condicionando todos os demais sentidos e potencialidades, que passam a perceber somente a beleza e a graça nas manifestações portentosas da vida.
A epopeia das insignificâncias entoada por Sergio Bruni ajuda a perceber, dizendo de forma meio enviesada, como o espetacular principia a cegueira para as coisas essenciais. Mas isso só quem coleciona cacos é capaz de compreender.
É coisa para apreciadores de mosaicos. Assim como Pierre Fatumbi Verger: ""não congelou imagens, perpetuou poetante o preto e o branco"".",,2017-01-01,,,,,128,,,,,,,,,,,,,2026-06-25,1
book,"Pnbe - Nao E Uma Caixa - 2014","Antoinette Portis",Antoinette,Portis,"Biblioteca do Ponto de Cultura UBEMTEM",9788540503441,8540503441,,"COSAC & NAIFY",,,,,,,,,,,,,,,,,,,2026-06-25,1
book,"Se você quiser ver uma baleia","Erin E. Stead, Julie Fogliano",Erin,Stead,"Biblioteca do Ponto de Cultura UBEMTEM",9788566642131,8566642139,"Se você quiser ver uma baleia vai precisar saber para onde não olhar: rosas cor-de-rosa, pelicanos, possíveis piratas. Se você quiser ver uma baleia vai precisar manter os olhos no mar e esperar esperar esperar Aclamado pela crítica e pelo público, o best-seller internacional Se você quiser ver uma baleia é um livro delicado e especial, com texto e ilustrações apaixonantes de Julie Fogliano e Erin E. Stead, que nos convida a sonhar acordados. O livro integra o selo infantojuvenil Pequena Zahar. Leia mais","Pequena Zahar",,,,,,,,,,,,,,,,,,,2026-06-25,1
book,"Não é uma caixa","Antoniette Portis",Antoniette,Portis,"Biblioteca do Ponto de Cultura UBEMTEM",,,"Em Não é uma caixa vemos dois mundos que convivem diariamente em nossas vidas: o da infância (no qual a imaginação é o que conta), e o mundo sério da maturidade.
À medida que crescemos, uma caixa vai se tornando apenas uma caixa. Mas nunca perdemos a capacidade de voltar a sentir, ainda que por alguns minutinhos, aquele delicioso faz de conta. Por isso é tão gostoso passear nas páginas deste livro, onde esses dois mundos se encontram e se divertem juntos.",,,,,,,,,,,,,,,,,,,,2026-06-25,1
book,"Divinas aventuras","Heloisa Prieto, Maria Eugênia",Heloisa,Prieto,"Biblioteca do Ponto de Cultura UBEMTEM",9788585466930,8585466936,"A temível Medusa era inicialmente uma belíssima jovem apaixonada por Posêidon. Enfeitiçada por Atena, transforma-se em monstro. O fruto de seu amor impossível, entretanto, será Pégaso, o cavalo alado da luz, protetor de corajosos guerreiros como Perseu. Mostrando a atualidade da mitologia grega e sua presença camuflada no universo dos quadrinhos, desenhos animados e filmes de ação, a autora convida seus leitores para um encontro surpreendente com Apolo, Atena, Hermes, Posêidon, Zeus e outros deuses. Cada um narra suas peripécias, mas, como a convivência entre eles nem sempre é pacífica, as versões para cada história se contradizem. Leia mais","Companhia das Letrinhas",1997-10-07,,,,,48,,,,,,,,,,,,,2026-06-25,1
book,"O Tupi Que Você Fala","CLaudio Fragata - Ilustr: Mauricio Negro",CLaudio,Negro,"Biblioteca do Ponto de Cultura UBEMTEM",9788562559853,8562559857,,Globo,,,,,,,,,,,,,,,,,,,2026-06-25,1
book,"Você faz, eu faço também","Marcelo Jucá, Vanessa Prezoto",Marcelo,Jucá,"Biblioteca do Ponto de Cultura UBEMTEM",9788569470434,8569470436,"Há muitos amigos que são legais, e é bom apreciar o que cada um tem de melhor. Mas não devemos esquecer que nós também somos legais, do nosso jeito. Em nossa história, Marcelo Jucá trouxe um personagem muito simpático que resolve imitar o comportamento e os gostos da amiga raposa. Se ela faz, ele faz também. O que será que vai acontecer? Com ilustrações de grande sensibilidade de Vanessa Prezoto, o livro é um convite à conversa. Você faz, eu faço também foi premiado com o Selo Cátedra Unesco de Leitura PUC-Rio - 2018. Leia mais",Bambolê,,,,,,,,,,,,,,,,,,,2026-06-25,1
book,"Tem Gente Com Fome (Em Portuguese do Brasil)","Solano Trindade",Solano,Trindade,"Biblioteca do Ponto de Cultura UBEMTEM",9788574921426,8574921424,"Tem gente com fome ' é um livro infantil com ilustrações de Cíntia Viana e Murilo Silva.A história descreve o percurso do trem da Leopoldina no Rio de Janeiro com trabalhadores voltando para suas casas com fome de comida de afeto e de justiça.","Nova Alexandria",2007-01-01,,,,,,,,,,,,,,,,,,2026-06-25,1
book,FURA-BOLO,"Tatiana Kauss",Tatiana,Kauss,"Biblioteca do Ponto de Cultura UBEMTEM",9786586764048,6586764041,"Praticamente Novo Leia mais","Quase oito",,,,,,,,,,,,,,,,,,,2026-06-25,1
book,"O Tabuleiro da Baiana","Sonia Rosa, Rosinha Campos",Sonia,Rosa,"Biblioteca do Ponto de Cultura UBEMTEM",9788534703727,8534703728,"O tabuleiro da baiana, mais recente lançamento da coleção Lembranças Africanas, traz para o universo infantil a graça e o encanto desse personagem tão típico do cenário brasileiro: a vendedoras de quitutes que ficaram conhecidas em todo o país como “baianas”. As roupas, o tabuleiro e os pratos típicos da culinária baiana são sua “marca registrada”. Leia mais",Pallas,,,,,,,,,,,,,,,,,,,2026-06-25,1
book,"Rainha das Águas","Maurício Pestana",Maurício,Pestana,"Biblioteca do Ponto de Cultura UBEMTEM",,,"LENDAS E DEUSES DA ÁFRICA.
Maurício Pestana
é jornalista, publicitário, cartunista e escritor. Iniciou sua carreira em 1982 no jornal
""O Pasquim"" e sua extensa obra tem como foco a luta por igualdade e justiça. São mais de 6o livros publicados, entre eles Negro: Uma outra história e Racista, Eu!?
De Jeito Nenhum... Seu trabalho inclui também workshops e consultorias para instituições públicas e privadas nas áreas de educação e diversidade. Foi condecorado com a medalha Rio Branco pela Presidência da República do Brasil por seu trabalho na luta antirracista. Exerceu o cargo de Secretário de Promoção da Igualdade Racial da Cidade de São Paulo, de abril de 2013 a dezembro de 2016. Atualmente faz parte do
Conselho Deliberativo do Fundo Baobá para equidade racial.",,,,,,,,,,,,,,,,,,,,2026-06-25,1
book,"MERCEDES BAILARINA","ANA PAULA DE ABREU",ANA,ABREU,"Biblioteca do Ponto de Cultura UBEMTEM",9786599562983,6599562981,"Com pé no chão, Mercedes voou pelo mundo, pioneira e revolucionária. Suas sapatilhas de pano desenharam passos que ecoam até hoje. Inspirada pela sua fé e determinação, Mercedes Baptista fez história ao integrar o corpo de baile do Theatro Municipal do Rio de Janeiro em 1948. Com graça e força, ela trouxe elementos de suas raízes afro para o balé clássico, enchendo os palcos de beleza e significado. Esta é a história de uma menina que ousou acreditar nos seus sonhos e provou que o talento não tem barreiras. Conheça os passos desta artista que continua a inspirar todas as crianças a seguirem seus corações e dançarem em busca dos seus próprios sonhos.","ARTE DO TEMPO",2024-09-13,,,,,,,,,,,,,,,,,,2026-06-25,1
book,"Vovó Biló de Pitó. Histórias de Cabocla Ribeirinha","Emiliana Moraes",Emiliana,Moraes,"Biblioteca do Ponto de Cultura UBEMTEM",,,"Gratidão aos que vieram antes de mim:
Meus pais: Iracema e Raimundo;
Meus avós paternos: Sebastiana e Talisman;
Meus avós maternos: Emiliana e Ismael.
Peço licença a elas e eles para oferecer esse texto ao mundo.",,,,,,,,,,,,,,,,,,,,2026-06-25,1
book,"Chuva de manga","James Rumford",James,Rumford,"Biblioteca do Ponto de Cultura UBEMTEM",9788574122175,8574122173,"O Chade é um país que fica lá longe, no centro do continente africano. Seu povo vive uma realidade diferente e, ao mesmo tempo, próxima do nosso coração brasileiro. Há terras secas e alguns momentos de fertilidade, no solo árido ― uma bênção da água que cai do céu. A leitura aproxima os povos. Por meio do dia a dia do menino Tomás, os leitores poderão imaginar o que é esperar pela chuva, fazer um carrinho de lata e apreciar os frutos da terra generosa, que nos oferece a alegria de saborear e cheirar uma manga dourada. Leia mais",Brinque-Book,,,,,,,,,,,,,,,,,,,2026-06-25,1
book,"Suvaco em Um mergulho animal","Jana Del Favero e Gilberto Cunha Jr",Jana,Jr,"Biblioteca do Ponto de Cultura UBEMTEM",,,"""Como as estrelas do mar um dia alcançaram o céu ninguém sabe, mas elas estão lá desde o início do dia a nos iluminar.
É uma questão de acreditar""
- Gilberto Cunha Jr",,,,,,,,,,,,,,,,,,,,2026-06-25,1
book,"A Arvore Da Chuva","Agnes De Lestrade",Agnes,Lestrade,"Biblioteca do Ponto de Cultura UBEMTEM",9788563382436,8563382438,"Era uma vez um vilarejo situado em uma terra árida no meio do deserto. O Sol tinha há muito tempo ressecado os campos. Nesse calor sufocante, os homens tentaram corajosamente arar os campos procurando água cada vez mais fundo na terra. Mas a terra não tinha mais nada a dar ela permanecia muda diante de suas súplicas... Até o dia em que, para surpresa geral, uma árvore mágica apareceu no local uma árvore desconhecida que saciou os pequenos e os grandes, oferecendo-lhes a cada noite a chuva! Os homens saberão se mostrar dignos desse presente inesperado?Literatura francesa de sucesso mundial da famosa escritora Agnès de Lestrade. Leia mais","Viajante Do Tempo",2016-01-01,,,,,28,,,,,,,,,,,,,2026-06-25,1
book,"O Poder da Natureza","Braulio Tavares",Braulio,Tavares,"Biblioteca do Ponto de Cultura UBEMTEM",,,"Seja no escuro, como a luz do vaga-lume, seja no cla-ro, como a casa do joão-de-barro, o mundo natural está repleto de acontecimentos que nos enchem de surpresa e ad-miração. São coisas que ninguém ensina, mas que as plantas e os bichos sabem e fazem. Segredos da vida na Terra, que só se revelam a quem observa os seus processos.
É isso o que acontece em O poder da Natureza, onde Braulio Tavares apresenta poemas de dez versos, com dez silabas cada verso, para serem lidos ou cantados ao ritmo do martelo agalopado, essa forma poética tradicional sobre a qual ele nos fala ao final do volume. Jô Oliveira, por sua vez, criou desenhos que, dialogando com a cultura popular nordestina, ajudam a renovar nosso espanto diante dos pequenos milagres do mundo natural.
Braulio Tavares nasceu em Campina Grande, PB, em 1950, e é autor dos livros O flautista misterioso e os ratos de Hamelin (Prêmio APCA 2006) e A invenção do mundo pelo Deus-curumim (Prêmio Jabuti 2009), entre outros.
Jó Oliveira nasceu na Ilha de Itamaracá, PE, em 1944. É um premiado desenhista e ilustrador, que assina obras infantis e juvenis e histórias em quadrinhos publicadas em diversos países, como L'uomo di Canudos (Itália, 1979).",,,,,,,,,,,,,,,,,,,,2026-06-25,1
book,"E o Dente Ainda Doía","Ana Terra",Ana,Terra,"Biblioteca do Ponto de Cultura UBEMTEM",,,"Jacaré gosta de tomar banho de sol, folgado e largado. Mas este não conseguia descansar com uma tremenda dor de dente que lhe deu...
Ah, coitado do jacaré!
Vieram coelhos, sapos, ratos, tatus, toupeiras, patinhos e outros bichos para ajudar... Mas, e o dente?
Descubra como essa história vai acabar, com este livro que Ana Terra escreveu e ilustrou, brincando com os números, em ritmo de lengalenga e bastante diversão!",,,,,,,,,,,,,,,,,,,,2026-06-25,1
book,"Taynôh - O menino que tinha cem anos","Aline Rochedo Pachamama (Churiah Puri)",Aline,Puri),"Biblioteca do Ponto de Cultura UBEMTEM",,,"Povos Originários, mas
você perceberá quando as encon-trar. Tais palavras não fazem parte do mundo dos indígenas. Também não há uma tradução sistemática ""palavra por palavra"". Há a compreensão do sentido de cada frase, do sentimento impregnado nelas.
Para que você compreenda a pronúncia, existe o canal existe o canal Pachamama Editora, no qual estamos apresentando trechos do livro na lingua indígena. Essa ferramenta também contempla a nossa necessidade de manter a tradição de transmissão de conhecimento por meio da orali-dade. A relação com a palavra é sagrada para nós. Por isso, a revelamos também pelos grafismos em nossa pele. E pedimos a permissão aos nossos antigos para divulgá-las.
Há uma bibliografia indígena que não foi escrita pelo indigena. Tais escritos se apropriam de seus conhecimentos e saberes, muitas veres, traduzidos em vários idiomas, menos no idioma daquele que inspirou o registro. Então, decidimos a palavra na lingua origi-nária, para que seja conhecida e valorizada.
E se você me acompanha até aqui, sou agradecida!
Eu já posso te revelar um segredo: esta é uma narrativa incompleta, pois requer o teu envolvimento e a tua resposta. Taynôh é um convite. A palavra te chama. Deixe-se envolver por ela.
Boacê Guê. Boacê Macapom.
Aline Rochedo Pachamama",,,,,,,,,,,,,,,,,,,,2026-06-25,1
book,"Papalito O Boneco Palito Gaco","Anna Luiza Guimarães",Anna,Guimarães,"Biblioteca do Ponto de Cultura UBEMTEM",,,"""QUANTAS VEZES A GENTE, EM BUSCA DA VENTURA, PROCEDE TAL E QUAL O AVOZINHO INFELIZ:
EM VÃO, POR TODA PARTE, OS ÓCULOS PROCURA TENDO-OS NA PONTA DO NARIZ!""",,,,,,,,,,,,,,,,,,,,2026-06-25,1
book,"A Menina e o Mar","Marta Lagarta, Andréia Vieira",Marta,Lagarta,"Biblioteca do Ponto de Cultura UBEMTEM",9788567514840,8567514843,"O texto conta a história da uma garotinha que ia à praia com a avó, mas sempre inventava um monte de desculpas para não entrar no mar... Livro excelente para trabalhar com crianças em processo de alfabetização, pois o texto é rimado, curto e poético. As ilustrações embelezam a obra do início ao fim. Leia mais",Edebé,2007-05-10,,,,,32,,,,,,,,,,,,,2026-06-25,1
book,"De Olho Na Amazônia","Ingrid Biesemeyer Bellinghausen",Ingrid,Bellinghausen,"Biblioteca do Ponto de Cultura UBEMTEM",9788536802589,8536802588,"A floresta Amazônica grita ao mundo por socorro: sua biodiversidade encontra-se ameaçada e a devastação do seu verde resultará em grande perda e ameaça, não somente para seus povos, como para toda a humanidade. Em De olho na Amazônia, Ingrid mostra ao pequeno leitor boa parte da biodiversidade existente na Amazônia e fala dos riscos de extinção das espécies. Ao alertar as crianças, Ingrid também propõe que elas cuidem da natureza.",DCL,2011-01-01,,,,,32,,,,,,,,,,,,,2026-06-25,1
book,"Karimu no mundo da Lua","Clarice Campos",Clarice,Campos,"Biblioteca do Ponto de Cultura UBEMTEM",,,"Karimu tem estrelas nos olhos e quer tocar o céu com as mãos.
- Menina pode ser astronauta?",,,,,,,,,,,,,,,,,,,,2026-06-25,1
book,"A ONÇA DOLORES E O BODE QUIRINO","ZECO HOMEM DE MONTES, DEBORAH ENGELENDER",ZECO,MONTES,"Biblioteca do Ponto de Cultura UBEMTEM",9788564571198,8564571196,"A onça e o bode controem a mesma casa em horários diferentes. Quando essa fica pronta são obrigados a morar juntos. Isso não vai dar certo. Reconto de um conto popular.",,,,,,,32,,,,,,,,,,,,,2026-06-25,1
book,"Um Fotografo Diferente Chamado Debret","Neide Leitao, Mercia^Duarte",Neide,Mercia^Duarte,"Biblioteca do Ponto de Cultura UBEMTEM",9788510020046,8510020043,"Menino descobre a arte através da profissão de seu pai - um fotógrafo. No click! click! click! da máquina, ele percebe a beleza de prender um momento em um flagrante. Através de um quadro na sala, ele conhece as gravuras de Debret e as cenas da vida diária do tempo em que o pintor viveu no Brasil. Leia mais","Editora do Brasil",,,,,,,,,,,,,,,,,,,2026-06-25,1
book,"O Pope Avarento","A. Púchkin, Eva Furnari, Tatiana Belinky",A.,Púchkin,"Biblioteca do Ponto de Cultura UBEMTEM",9788534909624,8534909628,"Esta é a história do Pope Avarento e do seu criado João-Bobo. Um dia, ao ir até o mercado, o Pope encontrou João-Bobo e logo veio a ideia de levá-lo para ser seu empregado. Porém, ele não queria pagar-lhe muito, só queria mesmo era levar vantagem. Até que, cansado de ""gastar"" com o criado, o desafia. E aí, o que será que acontece? O livro caracteriza-se pela brilhante forma do texto, em versos, e pelo humor e diversão presentes na história. O autor é considerado uma glória da literatura russa, um autor de espírito crítico, libertário e questionador. Possui inúmeras obras, variadas e de enorme riqueza literária. Leia mais","Paulus Editora",,,,,,,,,,,,,,,,,,,2026-06-25,1
book,"Maira a alegria Campeã","Maira Brochado Ranzeiro",Maira,Ranzeiro,"Biblioteca do Ponto de Cultura UBEMTEM",,,"Maira, 30 anos é atleta, escritora, percussionista e compositora.
Como mesa-tenista,
começou a treinar aos 11 anos.
Aos 15 tornou-se a primeira negra
Campeã Brasileira de Tênis de Mesa.
Integrou a Seleção Brasileira por 8 anos e teve a oportunidade de viajar por diversos países tais como Espanha, El Salvador, Venezuela, Chile, Japão e Áustria, onde disputou os Campeonatos Mundiais Juvenis de 2004 e 2005.
Maira é Bicampeã Latino-Americana e Melhor Atleta do Ano de 2017.
Decidiu escrever seu primeiro livro infantil:
MAIRA, A ALEGRE CAMPEÃ
pois acredita na leitura e no esporte como instrumentos de transformação social e inspiração para crianças de todas as idades.",,,,,,,,,,,,,,,,,,,,2026-06-25,1
book,"Yvy Por? Porau E O Rio De Mel",,,,"Biblioteca do Ponto de Cultura UBEMTEM",9788577060993,8577060993,"A história deste livro se passa em YVY Porã, um povoado Indígena onde viviam pessoas vindas de várias aldeias e que foram perdendo suas terras e seus parentes ao longo dos anos.",MEDIACAO,,,,,,,,,,,,,,,,,,,2026-06-25,1
book,"100 anos de Frevo","Mariangela Valença",Mariangela,Valença,"Biblioteca do Ponto de Cultura UBEMTEM",,,"Aula-espetáculo: 100 Anos de Frevo
Você sabe o que é o frevo? E passista? Não?! Então, pode começar a ler este livro agora. Tenho certeza de que, com a ajuda da professora MariFrevo, de Stefane e de Andrey, você irá se divertir, sorrir e descobrir coisas incríveis. Como bem diz a professora:
""Todo mundo sabe dançar o frevo; às vezes, não sabe que sabe!
Porque pra se dançar esse ritmo, não tem segredo. É só fazer o passo com vontade, com um lindo sorriso no rosto e o frevo no coração!"".",,,,,,,,,,,,,,,,,,,,2026-06-25,1
book,"Siara Descobre a África Gráfica","Edna Ande Sueli Lemos, Loly & Bernardilla",Edna,Lemos,"Biblioteca do Ponto de Cultura UBEMTEM",9788555361173,8555361176,"Já pensou em conhecer mais sobre a cultura africana? Junto com Siara, você terá a oportunidade de aprender mais sobre a tribo Ndebele: seus costumes, seus hábitos e sua arte. Você irá se encantar! Leia mais",Edebé,2007-05-10,,,,,36,,,,,,,,,,,,,2026-06-25,1
book,"Quilombolando - Ritmos e Histórias dos Quilombos","Heloisa Pires Lima, Rodrigo Cândido",Heloisa,Lima,"Biblioteca do Ponto de Cultura UBEMTEM",9786559580842,6559580849,"Bate palma, enlaça o braço e gira, gira! É hora de mergulhar como as nhonhas do Jequitinhonha. Brincando, a leitura oferece ao imaginário infantil o repertório de uma singular região brasileira e pode explorar o tema dos quilombos como uma riqueza cultural para novas gerações. Para acompanhar o ritmo do Quilombolando , o livro é acompanhado por uma cantiga acessível via QR CODE.","Estrela Cultural",2022-08-31,,,,,32,,,,,,,,,,,,,2026-06-25,1
book,"Hiromi Nagakura até a Amazonia com Ailton","CCBB Educativi",CCBB,Educativi,"Biblioteca do Ponto de Cultura UBEMTEM",,,"CBB Educativo - Lugares de Culturas ste caderno conta algumas das histórias que estão por trás das fotografias feitas por Hiromi Nagakura em suas viagens com Ailton Krenak: Essas narrativas são fruto de entrevistas realizadas, em março de 2024, com Marineusa Pryi Krikati, Salete Caapirk Krikati, Leopardo Yawa Bane Huni Kuin, Caimi Waiassé Xavante e, é claro, Nagakura, Eliza Otsuka e Ailton Krenak. O ponto de partida para a elaboração deste caderno foi o entendimento de que a oralidade é a forma milenar dos povos indígenas de documentar e passar adiante suas culturas.",,,,,,,,,,,,,,,,,,,,2026-06-25,1
book,"Nós Poetas Vivos versos de liberdade e melanina",,,,"Biblioteca do Ponto de Cultura UBEMTEM",,,"Que nzm pandemia,desistências,explosões,questionamentos,impessam o reinado da poesia",,,,,,,,,,,,,,,,,,,,2026-06-26,1
book,Lunática,"Natália Pagot",Natália,Pagot,"Biblioteca do Ponto de Cultura UBEMTEM",,,"Sou asa
Sou casa
Sou lenha
Sou fênix 
Faminta
Encaro o vento 
Agradeço à lua 
Não temo!
Respeito a dona do céu
E alço voo.",,,,,,,,,,,,,,,,,,,,2026-06-26,1
book,"Macacos: Monólogo em 9 episódios e 1 ato","Clayton Nascimento",Clayton,Nascimento,"Biblioteca do Ponto de Cultura UBEMTEM",9786556910758,6556910759,"Peça sobre 9 episódios de racismo, nos quais a palavra “macaco” é usada como forma de denúncia do racismo estrutural na sociedade brasileira. Cada capítulo conta um episódio de racismo. No cap. 7 é contada a história do Brasil do ponto de vista dos negros. Leia mais",Cobogó,,,,,,,,,,,,,,,,,,,2026-06-26,2
book,"A Natureza Das Mídias Digitais","Patriota Karla",Patriota,Karla,"Biblioteca do Ponto de Cultura UBEMTEM",9788541501941,8541501949,,Ufpe,2013-01-01,,,,,,,,,,,,,,,,,,2026-06-26,1
book,"Saude Genero E Violencia - Um Estudo Comparativo","Maria De Fatima Gomes De Lucena",Maria,Lucena,"Biblioteca do Ponto de Cultura UBEMTEM",9788573157918,8573157917,,,2010-01-01,,,,,246,,,,,,,,,,,,,2026-06-26,1
book,"Recife Ate Pública","Cidade Educativa",Cidade,Educativa,"Biblioteca do Ponto de Cultura UBEMTEM",,,,,,,,,,,,,,,,,,,,,,,2026-06-26,1
book,"A METAFÍSICA DOS MOVIMENTOS DE RUA","Michel Zaidan Filho",Michel,Filho,"Biblioteca do Ponto de Cultura UBEMTEM",,,"Aparecem reunidos agora, por ordem cronológica de publicação, artigos do Prof. Michel Zaidan Filho divulgados na imprensa de Pernambuco desde junho de 2013 sobre as manifestações populares de rua no Brasil e a reação que se seguiu a tais movimentos. Tratam de vários aspectos da polêmica suscitada pelo caráter apartidário (não apolítico) desse movimento, suas lideranças, seu pensamento, sua relação com os partidos políticos, os políticos e o Poder Executivo dos estados e da República brasileira.
Como todo mundo, o autor foi também surpreendido pelo alarido e o colorido multiforme dessas manifestações. Como teve oportunidade de manifestar o seu pensamento em entrevistas no rádio, na televisão, nos jornais, revista e blogs do Recife, bem como em debates públicos em ambientes fechados e abertos (como no Parque Treze de Maio), julgou oportuno reuni-los e avaliá-los retrospectivamente, sobretudo em face dos desdobramentos políticos e policiais que vieram depois, o que só confirma a tese do velho Sérgio Buarque de Holanda, de que no Brasil a democracia sempre foi um grande mal-entendido e que a lei é a recriminalização permanente dos movimentos sociais, tratado sempre como caso de polícia.",,,,,,,,,,,,,,,,,,,,2026-06-26,1
book,"Banda de Frevo “um modelo para pensar”","Arthur BigHead",Arthur,BigHead,"Biblioteca do Ponto de Cultura UBEMTEM",,,"* Distribuição e download gratuito
Projeto Cultural Banda de Frevo: um modelo para pensar)
https://catalogobandasdemusicape.wordpress.com/arquivos-banda-de-frevo/",,,,,,,,,,,,,,,,,,,,2026-06-26,1
book,"Árvore da Palavra","Roberta Guimarães",Roberta,Guimarães,"Biblioteca do Ponto de Cultura UBEMTEM",,,"Este catálogo foi diagramado entre março e junho de 2025. A fonte utilizada para os títulos é a Ubuntu, desenvolvida pela Dalton Maag; para os textos, utilizou-se a Cabrito Sans, projetada por Jeremy Dooley e disponibilizada pela Adobe Fonts. Foi impresso em julho de 2025, na Gráfica JB, sobre papel offset 150g/m' (miolo) e triplex 250g/m? (capa).",,,,,,,,,,,,,,,,,,,,2026-06-26,1
book,"A B C do amor: o que a poesia e a filosofia têm a dizer sobre os afetos","Renato Noguera",Renato,Noguera,"Biblioteca do Ponto de Cultura UBEMTEM",9788595001367,8595001367,"Um livro para aprender sobre letramento afetivo. Um livro sensível e provocador, que convida leitoras e leitores a uma jornada poética e reflexiva pelas muitas dimensões do amor.De “Amor” a “Zelo”, passando por “Desejo”, “Intimidade” e “Vaidade”, A, B, C do Amor apresenta um abecedário filosófico e afetivo que entrelaça poesia, filosofia, mitologia, psicologia e ancestralidade.Com uma escrita ao mesmo tempo elegante e acessível, Noguera transforma conceitos complexos em experiências íntimas, aproximando o leitor das sutilezas das relações amorosas, do erotismo e da ética dos afetos. É um convite à autodescoberta, ao cuidado e à reinvenção do amor como prática cotidiana e ato político.Mais do que um livro, A, B, C do Amor é uma bússola para quem deseja viver o afeto com profundidade, leveza e consciência.","Oficina Raquel",2025-07-21,,,,,200,,,,,,,,,,,,,2026-07-05,1
book,"Mulheres e deusas: Como as divindades e os mitos femininos formaram a mulher atual","Renato Noguera",Renato,Noguera,"Biblioteca do Ponto de Cultura UBEMTEM",9788569809579,8569809573,"Fortes, intrigantes, resistentes. Os mitos femininos ao longo dos séculos contam um pouco acerca de todas as mulheres. Suas histórias não são diferentes do que vemos hoje: são contos de amor, beleza, ciúme, dominação, revolta. Em mundos governados por homens, as divindades e personagens míticas femininas levantaram as vozes para se impor e conquistar seus espaços.Em Mulheres e deusas, o filósofo Renato Noguera explora as narrativas míticas gregas, iorubás, judaico-cristãs e guaranis a partir de um lugar de fala masculino baseado num diálogo entre pontos de vista femininos e masculinos. Com linguagem acessível, Noguera propõe uma reflexão sobre as emoções e tensões dos lugares reservados ao gênero feminino na sociedade, que nem sempre é ""cor-de-rosa"" e confortável.Mulheres e deusas é uma oportunidade de experimentar as ""vidas"" dessas figuras e entendê-las como espelho das mulheres reais. O que as deusas e as figuras míticas femininas têm a nos dizer? O que podemos absorver das histórias de Atena, Oxum, Liríope, Eva e Naiá? Em Mulheres e deusas, Renato Noguera propõe analisar os povos grego, iorubá, judaico-cristão e guarani partindo das histórias dessas personagens. As narrativas apresentadas revelam muito sobre a relação humana do mundo exterior com o interior e sobre as divisões de gênero e a construção das figuras de homem e mulher.Com linguagem acessível e inclusiva, Mulheres e deusas explora a atualidade dos mitos para tentar compreender um pouco mais quem somos e como nossa sociedade se formou. Por meio dos arquétipos, podemos levantar questionamentos que digam respeito ao mundo contemporâneo, como as noções de sexualidade, casamento, beleza e trabalho. A maior proposta de Noguera é revisitar a realidade com um olhar feminino e mostrar o que as divindades ensinam sobre ser e se tornar mulher. Leia mais",HarperCollins,2018-03-05,,,,,160,,,,,,,,,,,,,2026-07-05,1
book,"A parte que falta encontra o grande O","Shel Silverstein, Alípio Correia de Franca Neto",Shel,Silverstein,"Biblioteca do Ponto de Cultura UBEMTEM",9788574068268,8574068268,"Na continuação do clássico A parte que falta, Shel Silverstein reflete com sua poesia singela e emocionante sobre amorpróprio e completude. Um livro infantil para todas as idades. A parte que falta está em busca de alguém para completar. Após ser abandonada pelo ser circular, ela aguarda um par perfeito em que possa se encaixar. Ela quer conhecer o mundo, e precisa de alguém que a faça rolar. Mas muitos seres não sabem nada sobre encaixe, outros já têm partes demais e alguns não sabem nada de nada. A parte que falta até encontra um encaixe perfeito, mas sua jornada juntos dura muito pouco. Até que ela se depara com o Grande O, um ser completo, que rola sozinho, e que pode dar a ela um ensinamento que mudará seu modo de enxergar a vida. Nesta história, leitores de todas as idades vão refletir junto com a parte que falta sobre como podemos nos transformar e descobrir como evoluir nosso amorpróprio. Afinal, será que não podemos todos rolar por nós mesmos em nossas jornadas? “Não era um pedaço de pizza. Nem um chapéu de palhaço. Desista se pensou numa casquinha de sorvete… Aqui conhecemos a parte que falta ― e que queria companhia. Ela desejava ver o mundo. Quem seria delicado, divertido e inteligente para levála? Entre algumas decepções, percebeu que também decepcionava. Até que o Grande O apareceu e, sem querer, ensinoulhe que tudo pode rolar!” ― Fernanda Takai Leia mais","Companhia das Letrinhas",,,,,,,,,,,,,,,,,,,2026-07-11,1
book,"A parte que falta","Shel Silverstein",Shel,Silverstein,"Biblioteca do Ponto de Cultura UBEMTEM",9788574068176,8574068179,"Neste clássico da literatura infantil relançado pela Companhia das Letrinhas, acompanhamos a busca por completude e refletimos sobre relacionamentos com a poesia singela de Shel Silverstein. O protagonista desta história é um ser circular que visivelmente não está completo: falta-lhe uma parte. E ele acredita que existe pelo mundo uma forma que vai completá-lo perfeitamente e que, quando estiver completo, vai se sentir feliz de vez. Então ele parte animado em uma jornada em busca de sua parte que falta. Mas, ao explorar o mundo, talvez perceba que a verdadeira felicidade não está no outro, mas dentro de nós mesmos. Neste livro, leitores de todas as idades vão se deparar com questionamentos sobre o que é o amor e quanto dependemos de um relacionamento ou parceira para nos sentirmos plenamente felizes. ""Eu quero dar esse livro para todas as pessoas que eu conheço.” ― Jout Jout Leia mais","Companhia das Letrinhas",,,,,,,,,,,,,,,,,,,2026-07-11,1
book,"Sombra (Nova edição)","Suzy Lee",Suzy,Lee,"Biblioteca do Ponto de Cultura UBEMTEM",9788574068121,8574068128,"Depois do sucesso de Onda, a premiada artista Suzy Lee retrata as brincadeiras de uma menina com as sombras produzidas pela lâmpada de seu sótão. A aventura começa quando uma menina acende a lâmpada de seu sótão. De repente, um mundo novo aparece diante de seus olhos. Todos os utensílios guardados se transformam em seres completamente diferentes: borboletas, elefantes, lobos… uma floresta inteira! E com eles a pequena dança, ri, se esconde e derrota monstros com dentes afiados. Quando ela é chamada para o jantar, precisa apagar a lâmpada, fazendo o mundo de sombras desaparecer das páginas. Mas ele continua guardado carinhosamente nas lembranças da menina e do leitor. Com elementos simples e apenas duas cores, Suzy Lee cria, neste livro-imagem, um cenário que capta perfeitamente a alegria das brincadeiras e enaltece o poder da imaginação. “Sombra é um elogio à potência do discurso e do silêncio das imagens. Poesia em luz e sombra.” ― Renato Moriconi Leia mais","Companhia das Letrinhas",,,,,,,,,,,,,,,,,,,2026-07-11,1
book,"Do outro lado da rua","Cris Eich",Cris,Eich,"Biblioteca do Ponto de Cultura UBEMTEM",,,"Um grupo de crianças sai em busca de diversão- primeiro brincam com peteca e,depois,resolvem jogar bola.Nem imaginaval a surpresa que os aguardava no outro lado da rua. Essa história retrata o medo do desconhecido, nos convidando a descobrir o que existe por trás das aparências.",,,,,,,,,,,,,,,,,,,,2026-07-11,1
book,"A Boca da Noite","Cristino Wapichana, Graça Lima",Cristino,Wapichana,"Biblioteca do Ponto de Cultura UBEMTEM",9788579331077,8579331072,"Dois irmãos contra o desconhecido. ""A boca da noite"" transporta o leitor para uma aldeia cheia de mistérios.O que será que acontece quando o sol mergulha no rio? Será que ele toma banho antes de dormir? E depois disso, será que ele passa a noite dormindo dentro do próprio rio? Essas são algumas dúvidas que levam os irmãos Dum e Kupai a subirem a Laje do Trovão, o lugar mais perigoso da aldeia! E, para aumentar a adrenalina, os garotos ainda tiveram que ir dormir depois da história que seu pai contou sobre a Boca da Noite. Kupai, protagonista dessa história, ficou se indagando antes de dormir: será que essa boca tem dentes? Ela fala? Tem nariz? E se tem boca, deve ter cabeça e corpo, não é mesmo?Dentre tantas dúvidas, a única certeza que temos é que A boca da Noite, livro da Zit Editora, traz uma história fascinante e cheia de surpresas para crianças e jovens curiosos. É um livro que conta um pouco da infância, da família, do cotidiano e da criatividade do povo Wapichana. Leia mais","Zit Editora",,,,,,,,,,,,,,,,,,,2026-07-11,1
book,"Júbilo, O romance do Jardineiro","Andrea Pizarro Clemo, Lenice Bueno",Andrea,Clemo,"Biblioteca do Ponto de Cultura UBEMTEM",9788585166007,8585166002,"Júbilo, O Romance do Jardineiro, narra em versos, a melancolia do jardineiro Juvenal após ser obrigado a se aposentar do jardim no qual trabalhou durante toda sua vida. Mas eis que, de onde menos se espera, surge a força motivadora que alegra – e rejuvenesce – o velho Juvenal.Assim como revelado no subtítulo do livro, “Júbilo” é um romance, a um só tempo épico e lúdico, que por meio de seus versos e ilustrações, acolhem o jardineiro Juvenal diante dos desastres e sofrimentos, reestabelecendo a vida esquecida e adormecida na infância de todos nós.De autoria da ilustradora chilena Andrea Pizarro Clemo, Júbilo integra o catalogo da Amelì Editora, apresentando a cada virada de página um território no qual palavra e da imagem, cultivam um jardim que floresce e propaga diante do leitor toda a poesia e poética presente na literatura. Leia mais","Amelì Editora",,,,,,,,,,,,,,,,,,,2026-07-11,1
book,"Leonardo desde Vinci","Nilson Moulin, Rubens Matuck",Nilson,Moulin,"Biblioteca do Ponto de Cultura UBEMTEM",9788524908590,8524908599,"Propondo-se a desvendar os segredos de Da Vinci e a seduzir seus leitores nessa viagem, os autores nos envolvem em uma narrativa inovadora.O livro encanta por nos oferecer um passeio pela vida do pintor, inventor, cientista, apontando suas origens e contextualizando a riqueza cultural e material a sua volta. Indo além, propõe-se também a humanizá-lo, aproximando-o de nós como alguém que também viveu a simplicidade do dia a dia desde sua infância, tendo na observação da natureza uma de suas principais inspirações. Leia mais",Cortez,,,,,,,,,,,,,,,,,,,2026-07-11,1
book,Coach!,"Rodrigo Folgueira, Poly Bernatene, Leo Cunha",Rodrigo,Folgueira,"Biblioteca do Ponto de Cultura UBEMTEM",9788532284259,8532284256,"Um dia, os sapos se aproximam do lago e percebem algo muito estranho. Em cima de uma pedra, havia um visitante inesperado. Um porquinho cor-de-rosa que só sabia dizer: “Coach!”. Logo, todos os bichos vêm ver o porquinho que pensa ser um sapo. Mas será que ele acredita mesmo que é um sapo? Será que o porquinho está zombando dos sapos? Ou será que, como disse o velho besouro sábio, ele só quer fazer novos amigos? Talvez o real motivo fosse mais simples do que imaginavam... Conheça essa história encantadora sobre diferenças e aceitação. Leia mais","FTD Educação",,,,,,,,,,,,,,,,,,,2026-07-12,1
